t_seconds,latency_ms
0.000196,28.2485
0.003589,25.1948
0.003813,25.2495
0.003952,25.3681
0.004168,25.4233
0.004313,25.6019
0.004436,25.8077
0.004559,26.0281
0.004677,26.2789
0.004806,26.5295
0.004924,26.8091
0.005054,29.1947
0.005175,29.5240
0.005296,29.8578
0.005434,30.1695
0.005641,30.4113
0.005897,30.6595
0.006044,31.0330
0.006167,31.4372
0.006291,31.8861
0.006416,32.3258
0.006541,32.9871
0.006665,35.1234
0.006832,35.6370
0.007012,36.1491
0.007145,37.0898
0.007286,38.0263
0.007472,38.9544
0.007606,43.9625
0.007737,45.0463
0.007874,46.1048
0.008008,47.1816
0.008138,48.3373
0.008279,49.5172
0.008410,50.6816
0.008550,51.6989
0.008680,52.4799
0.008816,53.3196
0.009019,54.0554
0.009160,54.8489
0.009290,55.6203
0.009422,56.3861
0.009566,59.3177
0.009701,60.1980
0.009842,61.0616
0.009974,61.9659
0.010116,62.8820
0.010252,63.7401
0.028446,47.8384
0.034249,46.6283
0.051569,35.7550
0.029915,60.5240
0.036053,57.0085
0.036557,60.1713
0.056476,43.6552
0.059092,45.6889
0.030956,77.6908
0.039529,72.9924
0.076285,37.4428
0.063075,57.1020
0.028784,92.4107
0.031336,91.2559
0.030244,99.3704
0.064911,67.4167
0.108648,25.0728
0.093062,42.2931
0.112521,26.0771
0.061160,80.4692
0.113729,31.6784
0.120177,26.2325
0.100132,53.1106
0.129615,24.6555
0.046427,109.9369
0.029063,128.9223
0.090440,69.3257
0.037078,125.5907
0.071941,95.8817
0.070905,99.5534
0.052784,122.5781
0.153243,28.5812
0.029321,153.5504
0.159766,24.2759
0.121196,67.0038
0.145407,45.1271
0.146410,47.9275
0.042470,154.1654
0.104781,97.0265
0.175363,27.4653
0.181825,21.9654
0.182872,23.7288
0.034700,173.1043
0.188200,23.9306
0.055191,165.9557
0.156364,66.1637
0.062136,161.8166
0.206601,20.8780
0.064009,169.4167
0.068884,165.8834
0.154271,85.4458
0.167823,72.8416
0.132328,109.7372
0.122592,125.7200
0.227480,24.1606
0.133721,119.7551
0.201808,63.3633
0.057797,209.3372
0.096729,171.4036
0.080878,188.1826
0.190535,81.1826
0.035154,239.1078
0.248312,29.6908
0.223954,55.5298
0.202828,78.9473
0.087324,200.4440
0.239718,50.7748
0.069900,221.5178
0.265172,27.1748
0.221148,72.9829
0.041790,256.4305
0.240665,59.0413
0.135356,169.2214
0.279484,27.3796
0.251641,60.9869
0.271719,42.7642
0.290493,24.8847
0.162669,155.3314
0.203791,116.1734
0.029592,291.9334
0.291418,32.0442
0.299707,28.5538
0.278004,52.1277
0.274263,59.1506
0.234768,105.0722
0.298221,46.5465
0.043161,303.2024
0.065808,281.8926
0.196636,155.6972
0.157986,195.2639
0.030587,324.5450
0.170459,188.6182
0.330132,31.2627
0.306864,57.3744
0.060250,306.7723
0.339840,30.1637
0.344768,29.0462
0.184043,190.7078
0.037605,339.0417
0.072999,307.9304
0.314483,67.4075
0.045313,337.9957
0.207805,181.6106
0.222528,170.7349
0.269061,125.6223
0.373814,22.8786
0.141630,261.0197
0.321526,82.9645
0.328261,79.1260
0.352334,60.9233
0.319965,94.2440
0.304578,114.3270
0.038742,383.7910
0.318001,111.3775
0.038177,395.9067
0.355133,79.9632
0.394683,41.4084
0.413258,26.1626
0.374751,76.4254
0.367023,85.6895
0.347701,109.7071
0.422534,41.7847
0.268133,198.2693
0.312628,161.4359
0.407388,68.6068
0.035604,441.8956
0.383309,95.1863
0.233426,246.2661
0.138599,343.4661
0.418906,65.1355
0.389416,101.0732
0.464319,30.2875
0.053980,442.3704
0.370005,132.6374
0.475996,27.5804
0.429379,76.3586
0.451178,56.3609
0.031733,476.9686
0.287769,225.4595
0.315378,199.3389
0.435096,84.9845
0.323463,200.2719
0.381892,144.5917
0.503577,25.5401
0.242066,294.2465
0.496350,41.4793
0.436092,103.2496
0.502643,40.8475
0.353250,191.2303
0.380930,166.9071
0.073993,481.1957
0.478496,79.9450
0.434084,127.6930
0.439421,125.8339
0.514717,52.6608
0.520081,50.0646
0.543491,27.5852
0.212131,361.9161
0.544481,30.9948
0.414209,167.9560
0.479693,105.0801
0.555189,32.0063
0.333414,254.7152
0.529117,60.8926
0.474065,121.0732
0.482066,115.4437
0.364239,235.7162
0.539342,61.7870
0.574048,29.0162
0.292347,315.1556
0.547837,63.9150
0.537830,75.3255
0.466403,149.3815
0.558442,62.0615
0.595139,26.3123
0.402650,220.6419
0.597510,29.6207
0.457409,174.1843
0.452713,183.8651
0.396694,240.9100
0.611753,28.7483
0.567379,77.7218
0.620504,25.5492
0.621451,25.5174
0.044236,604.3836
0.584774,65.3707
0.590010,63.3986
0.615785,43.8844
0.582166,81.3445
0.393264,272.4167
0.359077,310.6543
0.587196,84.1705
0.346364,325.8894
0.645101,28.0104
0.646053,27.9631
0.646969,27.9839
0.253477,422.6054
0.505738,174.4703
0.267134,417.6988
0.631594,58.7164
0.659670,31.9804
0.663511,31.6600
0.526484,170.1446
0.671367,32.0016
0.523736,180.9278
0.507539,198.9508
0.404491,306.0774
0.281776,430.5237
0.637604,75.6685
0.627131,90.1645
0.696629,28.0247
0.376647,349.4435
0.703369,24.5904
0.588129,145.5466
0.508702,226.1387
0.623292,115.9639
0.650145,93.2739
0.636578,109.1523
0.513229,234.4677
0.674954,76.3502
0.727960,25.5301
0.194339,564.7700
0.713273,49.6073
0.739257,26.0790
0.717296,52.5446
0.672254,98.9794
0.676083,99.3683
0.673112,103.8313
0.640502,140.8182
0.648621,134.6213
0.724654,62.3531
0.680209,107.9606
0.361395,430.6672
0.613156,180.8599
0.712301,86.3730
0.710569,90.5742
0.607503,200.8530
0.753491,57.6298
0.601130,212.2578
0.787008,28.5822
0.536313,282.1788
0.745731,78.2599
0.726091,100.0106
0.561779,265.7981
0.765336,64.4815
0.808357,25.4917
0.706490,129.9819
0.794017,44.5085
0.575476,271.3165
0.599956,249.1703
0.695171,155.4661
0.484042,371.7109
0.801143,56.6846
0.743419,116.4302
0.833849,27.0361
0.838526,29.5409
0.684834,186.9117
0.477500,396.0364
0.669732,210.0314
0.571076,309.6945
0.603064,279.9657
0.690311,196.4140
0.829818,59.4763
0.826103,64.5795
0.704664,189.8461
0.871746,23.6905
0.873537,27.8994
0.570146,333.6751
0.747697,160.3432
0.771234,139.2330
0.859850,52.0336
0.490490,424.3509
0.886725,32.1985
0.860885,63.1154
0.868067,57.3708
0.849126,77.9171
0.776944,151.6284
0.883031,52.1434
0.674017,262.1228
0.781320,162.6634
0.734842,211.3954
0.818492,129.6085
0.879764,76.9746
0.895437,62.3097
0.813388,145.3757
0.792063,171.0145
0.910467,56.5850
0.925438,43.0483
0.846793,123.0585
0.927044,48.5495
0.762881,217.7619
0.901437,81.5769
0.759109,227.4125
0.957747,34.4335
0.665681,327.5700
0.850638,144.1160
0.788170,210.5036
0.946237,54.4154
0.880771,125.1115
0.935175,73.8965
0.936140,77.2683
0.983014,32.3029
0.986522,32.1758
0.733676,286.0506
0.815590,212.1861
0.969852,61.7375
0.798674,233.9838
0.855753,185.7218
0.890682,151.7340
0.975594,67.8215
1.015317,29.5310
1.019728,27.6890
0.998674,52.5666
0.963078,92.7313
0.992181,64.6753
0.968487,95.1675
0.823991,241.7955
0.993252,79.5275
0.956739,117.8797
1.051241,27.1558
1.000653,82.0921
0.924001,160.3130
1.041475,44.6201
0.769841,325.0318
1.055810,40.4763
1.047417,58.0136
1.044849,63.8620
0.857828,252.3908
1.082746,28.4677
0.928573,184.4413
0.894511,220.4648
0.958764,161.2711
0.691651,429.3805
0.948101,173.8771
1.027777,102.3121
0.294131,836.9544
0.943984,188.6775
0.914841,221.5481
1.018698,124.0511
0.565255,579.4315
0.908041,237.5791
1.009072,138.3089
1.120036,28.2790
1.063655,87.4268
0.653409,505.3977
1.094874,65.3558
1.086096,75.5889
1.136390,28.4168
1.042417,125.7742
1.078398,90.7365
1.096287,79.9671
1.130090,48.7017
1.032658,147.2057
1.031590,149.3424
0.751304,436.8124
0.980643,210.9588
1.168192,24.3911
1.072780,127.5117
0.494607,710.6872
1.074619,134.1703
1.121979,88.8979
1.145620,69.2268
1.142750,73.1359
1.084315,132.5657
1.043416,177.6519
1.180933,46.1539
0.783242,448.4702
1.200292,33.7291
1.151083,84.3461
0.775452,462.3426
0.994754,245.1506
1.178792,62.9971
0.836473,412.1876
1.121032,130.0118
1.113015,139.4905
1.114976,138.4989
1.005883,248.5445
1.105431,155.2983
1.160230,103.9476
1.013409,252.6826
1.208790,63.3706
1.176254,99.6951
1.056857,223.7678
1.221069,61.3993
1.110220,176.2443
0.911884,378.2665
0.889295,402.3160
1.111214,181.3370
0.903822,393.1011
1.108712,192.1141
1.216881,90.0276
1.179865,128.9266
1.248661,67.4680
1.227087,91.2383
1.251044,68.2875
1.215886,106.1834
1.164807,158.2452
1.296924,27.6123
1.300826,27.8965
1.264178,73.4284
1.237795,100.7835
1.191603,148.8325
1.316129,28.2205
0.918924,426.3358
1.239906,106.9175
1.148316,203.1576
1.253475,102.8847
1.280625,77.1994
0.811122,549.1863
1.205295,157.4156
1.131086,232.5562
1.292552,78.4545
1.340436,32.0567
1.345261,28.1975
1.260730,116.1381
1.324536,57.0172
1.192583,191.9885
1.275950,111.0587
1.286465,103.1947
1.344350,47.3813
1.371007,25.7888
1.132662,269.0650
1.161685,243.4584
1.357825,49.6708
1.362711,47.7851
1.252506,159.5699
1.235429,179.9741
1.391732,25.1744
1.376869,46.9709
1.272161,156.4219
1.318326,111.9810
1.308793,123.4384
1.360309,74.0319
1.254428,184.5543
1.351474,89.4564
1.158808,287.8804
1.323052,126.8369
1.147381,305.2296
1.188117,268.8855
1.346823,114.1466
1.373459,90.0474
1.356360,108.0862
1.231713,239.8084
1.387009,85.9001
1.415404,59.8793
1.338579,143.0384
1.452611,31.4575
1.241790,246.0108
0.967053,521.6871
1.319332,176.0344
1.384572,113.3106
1.266092,232.7998
1.416907,87.3600
1.144687,361.9692
1.440931,66.6640
1.410497,98.0330
1.210878,301.7574
1.328723,191.5291
1.282468,239.6911
1.495367,29.0425
1.290151,235.5845
1.438983,91.4731
1.460971,71.8432
1.504268,30.0286
1.407496,129.1723
1.472909,67.0057
1.291612,250.7225
1.446689,97.9628
1.065787,479.8372
1.471522,80.1335
1.434342,122.7333
0.827577,731.0546
1.432232,128.6695
1.497883,65.9427
1.484069,84.0519
1.481618,88.4059
1.457003,117.0065
1.337607,239.0047
1.557076,25.7589
1.389660,196.2831
1.475284,112.4705
1.532814,56.7946
1.487801,107.4165
1.363643,233.3140
1.463507,134.4774
1.542335,58.4995
1.507595,95.2851
1.430308,177.4771
1.372493,237.8552
1.582835,29.1567
1.412076,203.7488
1.428584,191.4489
1.544652,77.2279
1.506657,119.3553
1.401728,225.8086
1.405144,223.8350
1.607785,23.3474
1.574010,64.0213
1.464447,176.4730
1.545625,97.7113
1.536669,108.1132
1.488741,156.9930
1.595218,57.5188
1.576612,78.7319
1.534297,122.9023
1.508530,150.8155
1.558632,104.2067
1.396796,269.4276
1.423840,247.4175
1.615825,56.9107
1.652738,23.2557
1.628980,48.0382
1.520253,163.3608
1.600835,84.7587
1.589609,99.0015
1.530457,161.9489
1.627537,65.8471
1.322070,376.0525
1.675994,23.1442
1.677018,24.7316
1.214848,488.7520
1.620033,85.7237
1.655345,58.3286
1.643337,72.0831
1.596958,119.6487
1.692406,25.7496
1.699139,23.3978
1.512635,213.3814
1.657200,73.8966
1.645734,92.2597
1.597984,143.6949
1.498892,244.3521
1.685594,59.0630
1.551656,194.8364
1.722537,26.8611
1.640921,114.0291
1.169135,587.5418
1.522160,236.6461
1.659346,102.7485
1.585943,182.9068
1.611992,158.3688
1.703600,71.0805
1.688611,88.6215
1.705763,74.0363
1.631133,153.8058
1.713674,72.7084
1.539916,248.3811
1.744657,45.0719
1.768851,23.8568
1.741680,56.1831
1.726017,75.6917
1.779800,25.8980
1.758807,47.9029
1.306909,500.8111
1.718156,90.5779
1.672736,145.7480
1.731097,88.5804
1.524410,302.9711
1.610349,218.5368
1.774681,57.7139
1.777233,58.9530
1.789729,48.4466
1.638032,202.7888
1.666224,183.0609
1.737994,114.1444
1.626013,229.5136
1.587755,273.6436
1.563826,299.0338
1.621880,241.9933
1.788297,78.3439
1.840822,27.5477
1.801710,74.1830
1.381554,496.6130
1.449890,430.9150
1.797864,85.6620
1.602881,282.5268
1.805698,81.1369
1.806710,82.0192
1.746493,148.9341
1.644783,254.2961
1.875893,24.6726
1.234021,668.3082
1.878168,26.9936
1.808735,100.1863
1.683614,229.9903
1.715420,199.1527
1.786383,130.0544
1.807721,112.7043
1.863874,60.6662
1.899079,26.8534
1.832396,94.9542
1.701751,229.9491
1.908922,26.5691
1.855527,81.3874
1.698123,242.6277
1.888730,53.3511
1.560902,384.5522
1.920426,27.6051
1.743245,210.3844
1.525736,431.1325
1.818485,140.9230
1.931700,29.1586
1.762095,201.9881
1.936915,30.9548
1.862861,106.0007
1.916438,53.5551
1.905162,69.0295
1.895427,83.4271
1.819678,163.4846
1.836187,148.3661
1.792708,193.2402
1.959409,27.5690
1.967870,22.0262
1.838177,158.6492
1.900566,97.7467
1.902330,98.9058
1.925933,76.7002
1.849286,156.8197
1.989897,21.6205
1.662839,351.0395
1.886836,136.7804
1.914573,110.0709
2.002634,23.4009
1.568122,459.2115
1.924541,108.9763
1.968862,67.8671
1.960859,82.2611
1.866642,178.8428
1.749398,297.6789
1.969993,80.1941
1.693385,358.2504
2.006106,47.4310
2.013879,46.4416
2.033523,28.5825
1.978855,88.9425
1.945455,123.7612
1.852139,219.2993
1.984554,87.9872
2.045485,28.1082
1.770362,304.2263
1.964084,116.4176
1.754950,326.4905
1.956869,126.1183
2.026035,64.6122
1.948031,146.3532
1.861399,238.9411
1.716607,386.6604
1.880805,223.4813
1.996826,110.0371
1.940752,169.8320
2.081441,31.1350
2.074588,41.5974
2.011518,107.9835
2.094385,28.2662
1.942081,182.3412
1.885408,240.0084
2.080502,47.5251
1.983163,154.1855
2.072541,66.8910
1.828886,314.3026
1.570024,575.5237
1.883526,264.0966
2.090648,58.2444
1.756677,395.7228
2.027334,131.0607
2.060321,100.9869
2.062106,103.5945
2.106864,59.7550
2.143189,24.3383
2.051635,120.3752
2.122651,50.7472
2.023617,155.3364
2.001236,178.7407
1.784941,396.6558
2.158395,27.5055
2.161309,27.9042
2.165701,25.0089
2.167528,26.3211
2.104287,99.3521
2.100341,106.4906
2.036729,173.3606
1.935491,275.5464
1.927350,285.6863
2.071439,142.6141
2.185901,30.6469
2.047078,175.1781
2.190710,32.5375
2.181597,46.2295
2.178953,53.8231
2.110584,123.9652
1.827382,408.4132
2.024645,216.3381
2.173399,72.0608
2.043121,209.9653
2.053537,201.1335
2.050188,205.8397
2.119502,137.6099
1.985949,272.2121
2.148893,115.9716
2.128027,138.2826
2.227827,39.8930
2.124423,150.2588
2.166620,110.7860
1.953630,330.6479
1.868370,418.8141
2.189214,98.8802
2.245460,44.1210
2.082988,208.9195
2.206832,86.9860
2.172011,126.0517
2.211038,90.3372
2.277406,25.8237
2.256028,51.4604
2.284278,26.7893
2.232777,79.2549
2.145548,169.4901
2.116186,203.2895
2.112577,208.3674
2.234550,90.5382
2.222257,106.4159
2.254671,75.4571
1.974192,357.8211
2.307493,27.6587
2.266311,71.9007
2.312032,30.9037
2.319476,25.0972
2.258161,89.0068
2.179978,171.4606
2.125417,228.6304
2.223248,136.4426
2.069216,291.4154
2.338212,24.9864
2.073594,291.1490
2.216548,151.7910
2.328673,44.2763
2.298063,78.0713
2.067798,309.8866
2.193849,188.9853
2.301376,83.2201
2.291908,98.1774
2.152400,242.4769
2.287184,108.5945
2.289582,110.8864
2.264865,137.2261
2.315039,90.9167
2.351439,56.0104
2.354048,56.8426
2.384596,28.9000
2.311068,106.1632
2.267720,151.4082
2.382835,38.7053
1.986979,436.9683
2.344574,81.3284
2.103268,331.6836
2.376135,59.7618
2.332013,105.2976
2.293818,145.4054
2.417232,23.5857
2.368340,79.0474
2.347168,103.4762
2.377685,74.3088
2.325089,136.7586
2.390086,73.7079
1.998313,468.4264
2.395779,72.8340
2.137349,339.6880
1.913605,566.2815
2.240983,239.9577
2.364743,117.5879
2.461848,24.4803
2.147623,339.6343
2.463794,27.4522
2.439224,60.3339
2.203640,297.3108
2.274682,228.8299
2.359691,148.4802
2.360632,148.9797
2.335152,175.3897
2.402092,110.2392
2.486329,28.8155
2.466740,52.4219
2.437311,86.5517
2.394878,129.9021
2.405956,123.5573
2.440818,90.4317
2.363199,168.9605
2.482331,52.2092
2.450645,87.3136
2.342937,197.8027
2.410891,136.6876
2.435897,113.0377
2.253087,296.7728
2.421541,130.6026
2.419129,134.9534
2.529514,28.0233
2.531250,29.8518
2.499559,63.9891
2.479887,88.7844
2.303230,266.9249
2.372950,201.2648
2.447388,131.2285
2.423947,158.7323
2.407450,176.5688
2.487258,98.1461
2.552144,41.5463
2.532160,64.7094
2.524780,74.0906
2.574215,27.5344
2.214054,390.3382
2.561103,45.4185
2.509612,97.9208
2.554083,61.6218
2.480942,137.1086
2.593691,26.9068
2.598871,25.2971
2.523864,102.2269
2.434952,197.8010
2.547579,86.6506
2.213037,423.1423
2.596870,42.8192
2.615705,26.9544
2.624169,25.6389
2.534541,119.8409
2.582680,72.6895
2.413497,242.7945
2.425903,233.3151
2.548936,112.4208
2.639689,26.8303
2.288094,381.7896
1.671258,1003.9306
2.139433,538.7350
2.585404,94.2041
2.620598,62.8664
2.257112,434.1846
2.626091,67.0945
2.210091,484.0624
2.540740,155.1487
2.330129,368.8278
2.477038,223.9262
2.604392,99.9299
2.606522,100.7956
2.679609,30.5184
2.515145,201.6115
2.468614,249.1404
2.691297,27.4267
2.503513,216.5508
2.675189,45.8554
2.537959,185.5199
2.693186,31.5126
2.618057,112.1610
2.704323,28.6560
2.654383,79.5697
2.656292,84.1401
2.716757,24.6294
2.607534,135.4646
2.549860,199.7416
2.649808,102.6561
2.683465,70.9100
2.707318,49.9903
2.508172,250.2491
2.570156,193.6740
2.741387,27.4396
2.695889,77.5259
2.678168,97.6954
2.700964,78.5432
2.669884,113.1612
2.578617,206.4243
2.757309,29.0922
2.510542,281.3310
2.724699,70.3540
2.557538,240.3648
2.773415,28.4964
2.775864,28.2564
2.451994,357.0607
2.655370,155.6113
2.500951,312.6622
2.730218,85.3379
2.661357,161.9354
2.768827,55.4455
2.601750,226.1346
2.568672,260.6800
2.636180,200.7515
2.721045,117.7455
2.563548,278.9707
2.785042,58.8446
2.791874,55.5855
2.779508,69.6563
2.632753,219.2378
2.829352,25.3115
2.717755,140.1039
2.740433,126.9410
2.749602,119.5586
2.235795,634.3777
2.843887,27.6415
2.758421,117.6581
2.519163,359.5233
2.720064,159.6420
2.795054,87.0909
2.659219,228.4307
2.824273,65.3324
2.718724,173.7497
2.849165,47.0862
2.732979,164.5042
2.400469,504.5409
2.723480,182.4909
2.783046,127.0426
2.887650,23.8083
2.698957,215.1053
2.889605,25.4840
2.896252,24.1227
2.836932,87.5532
2.813614,114.2689
2.870174,59.1740
2.815557,117.3407
2.878687,55.7456
2.892475,47.0355
2.754376,189.1471
2.823293,122.1798
2.857859,89.0454
2.924486,29.6376
2.882145,76.6589
2.827885,131.9508
2.733953,226.9322
2.666520,300.5068
2.642660,325.2521
2.915090,55.6327
2.943523,28.5870
2.927883,51.3592
2.786401,195.2931
2.320945,663.4798
2.742999,242.9236
2.958804,28.0648
2.867374,124.6551
2.967027,27.7683
2.934433,67.7724
2.959836,44.2367
2.939511,65.5111
2.945473,60.5102
2.905010,102.8780
2.842520,166.3328
2.984425,26.6502
2.914063,103.6233
2.763830,259.7553
2.985923,40.0627
2.810982,216.3657
2.981695,46.6071
3.007889,26.8487
2.752465,285.3492
2.967913,73.3756
2.920375,123.2326
2.972111,72.9108
2.854664,192.4823
2.979243,75.0366
3.004074,51.1839
3.034738,25.5368
2.960885,103.6225
2.871529,194.7964
2.910089,157.2598
2.512331,556.4032
2.491247,583.8325
2.994796,86.9472
2.804121,279.8905
2.710128,375.3389
3.064508,24.6724
3.025986,64.1520
3.017687,73.4669
2.694154,403.9813
2.838791,261.2966
2.970723,131.6865
3.005022,98.8228
3.081744,26.2967
2.905971,204.1361
2.797903,316.0561
3.067349,51.3571
3.075080,48.3193
3.089181,38.0864
3.085467,42.7336
3.027348,107.1769
3.068735,67.7946
2.946905,190.6423
2.929348,212.5773
3.008853,134.0326
2.992030,154.2544
3.066326,84.4397
3.127268,24.4369
2.801912,353.8341
3.134525,25.0820
3.091154,73.4428
3.045022,125.0253
2.634230,536.7679
3.090138,81.8540
3.005984,167.4670
2.911459,265.4494
3.113960,64.4561
3.155747,26.2504
2.847460,342.2513
2.876080,314.6434
2.869161,323.3988
3.023586,169.9471
3.170048,24.4722
3.011076,191.4014
2.584019,620.2835
3.102410,103.4279
3.146285,63.2057
3.189712,22.7976
3.141926,74.6065
3.055258,162.7461
3.128201,94.4068
2.879706,347.2326
3.170998,59.9800
3.054280,179.6033
3.047147,190.0487
3.176909,61.7439
3.212510,27.6994
3.118707,127.4382
2.954124,294.4653
3.193533,57.1604
3.222608,30.1398
3.142886,114.0899
3.110107,150.2097
3.043608,217.7003
3.108041,154.2495
3.240210,27.6647
3.037814,232.7695
3.150766,120.7823
3.190724,85.3637
2.809056,470.1083
3.173451,113.1975
3.250694,37.3421
3.248590,41.7513
3.164598,128.2543
3.194520,102.0968
3.084012,217.0638
3.137548,168.2236
3.028303,278.3838
2.851991,455.6227
3.246146,67.9099
3.233884,82.1147
3.100088,218.7877
3.060275,263.2731
2.897484,432.3731
3.041289,290.4485
3.230979,104.8595
3.286649,51.0484
3.314056,26.5855
3.171993,171.1664
3.238653,108.9465
3.209491,140.4507
3.305772,47.0911
3.288037,68.9253
3.252749,107.9488
3.123400,239.1114
3.292852,71.4135
3.340642,27.6161
3.301076,72.3301
3.204303,170.5968
3.098135,277.7125
3.306687,74.7177
3.352863,31.7081
3.159608,228.1805
3.271549,117.6563
3.347600,47.5314
2.986870,409.4518
3.178416,218.9211
3.279164,120.6692
3.373407,29.1977
3.226940,178.9657
3.002206,406.7451
3.276088,134.3089
3.387789,25.7196
3.375848,49.0120
3.256976,171.4560
3.405906,24.5185
3.181998,249.3610
3.335839,96.4732
3.216533,221.4733
3.205839,233.6890
3.389205,52.3182
3.262291,184.8858
3.337698,117.4169
3.424861,31.2466
3.402605,55.6408
3.270584,190.3794
3.192561,270.2989
3.202478,265.8496
3.364268,105.8844
3.267875,203.3343
3.356963,116.2800
3.430425,48.5001
3.455116,24.7988
3.307615,176.3383
3.462860,25.7967
3.329857,166.5405
3.374900,122.9531
3.218004,283.0291
3.428433,74.7268
3.384572,119.9690
3.479915,27.0632
3.381405,133.1752
3.296618,218.9122
3.408951,108.0538
3.397338,123.6953
3.395132,131.0314
3.501034,26.8972
3.343160,186.1734
3.447177,83.1682
3.136530,400.6549
3.503160,35.5324
3.318876,223.9516
3.431359,113.6693
2.932898,614.9349
3.521034,27.7536
3.237196,312.5253
3.456108,97.5411
3.432313,124.9331
3.151705,408.2897
3.517005,48.4200
3.360698,206.1365
3.496398,74.4786
3.460964,117.2377
3.527932,52.1652
3.368259,212.8398
3.315999,268.5232
3.515530,69.9374
3.548788,45.2703
3.504542,99.0857
3.545029,59.9579
3.470153,136.7460
3.468328,140.3350
3.478925,133.8296
3.537185,76.5918
3.261309,354.3760
3.362511,254.7629
3.514581,106.7329
3.471210,152.4353
3.103845,528.3171
3.603628,30.3415
3.290341,345.7419
3.497854,140.6057
3.331738,307.7007
3.538693,101.6653
3.441524,200.3052
3.530346,114.4455
3.565426,82.7197
3.542829,106.2558
3.547833,103.2999
3.584523,72.5630
3.632163,25.9066
3.633970,25.0766
3.566835,95.7626
3.458247,208.6020
3.641830,25.9785
3.615685,57.0796
3.585468,88.8066
3.623645,51.6967
3.413509,265.7613
3.410397,272.3681
3.662598,27.8859
3.559996,136.2601
3.529334,167.9399
3.488657,209.5986
3.260318,441.9089
3.557246,148.8326
3.323549,384.5910
3.636084,74.6474
3.580097,133.9932
3.594059,120.9525
3.672765,49.9191
3.696256,27.3206
3.697274,28.2958
3.549722,178.5924
3.483954,250.5969
3.606899,128.5740
3.570878,167.0477
3.553649,186.3151
3.675343,66.9256
3.612755,130.5155
3.638460,106.7776
3.349942,399.7138
3.722685,27.8586
3.723577,31.0329
3.648146,108.9292
3.506979,253.7892
3.526164,237.0023
3.734551,29.5478
3.617275,151.0679
3.581099,188.6490
3.710732,65.4677
3.659047,119.1525
3.679271,100.5459
3.657086,123.7675
3.608663,179.8898
3.737926,51.6101
3.706079,87.5462
3.769749,26.7294
3.666849,135.4058
3.745238,58.1676
3.674275,131.4524
3.750544,59.3326
3.749656,65.6013
3.667809,149.3404
3.473243,346.3661
3.793626,26.9590
3.399834,423.1263
3.708140,116.8311
3.802255,23.6678
3.438007,395.1123
3.644792,189.4007
3.604988,230.7029
3.658070,182.5054
3.764099,77.4769
3.815258,30.0754
3.651134,200.7362
3.649085,205.8350
3.613778,242.6087
3.833120,27.9149
3.779817,84.2503
3.840576,26.4740
3.805728,62.3341
3.841576,29.9121
3.725570,149.3456
3.834193,47.2563
3.743271,140.4949
3.851870,32.9094
3.754611,135.1430
3.861035,29.7103
3.817149,78.1526
3.739965,156.3431
3.778200,119.1280
3.702227,196.1445
3.640359,267.8465
3.883767,26.2952
3.884780,27.1612
3.621314,292.0189
3.578203,339.3103
3.715012,203.4872
3.874916,44.5904
3.396322,526.8744
3.760768,163.4287
3.439528,488.8086
3.788553,146.9110
3.824972,113.3949
3.917514,21.8362
3.820586,120.8795
3.918499,24.4605
3.898372,51.8048
3.889754,61.8984
3.682766,270.7259
3.822961,136.6198
3.910063,50.9947
3.763167,202.3050
3.864068,106.9467
3.776200,195.8288
3.735474,237.9378
3.768343,209.1353
3.639439,339.5720
3.825924,156.9950
3.941466,42.3820
3.928337,63.0832
3.871489,123.3116
3.803407,192.4751
3.819610,180.1210
3.896309,105.2576
3.913333,91.0622
3.881450,126.5819
3.919507,89.9954
3.845334,168.6568
3.854920,160.0097
3.757076,263.6406
3.924198,98.9830
3.999731,27.0794
3.953492,76.9350
3.890746,143.6413
3.950177,88.8846
3.939350,100.6615
3.994801,46.5884
3.982919,59.8808
4.013991,35.4326
3.935465,115.5582
3.942960,109.1191
4.030428,24.1839
3.796479,261.6803
3.911942,147.2294
3.908206,157.4602
4.023181,44.9092
3.728315,340.9546
3.856387,218.7292
3.971015,105.0699
4.058159,19.4199
4.059172,20.6091
4.041390,45.2071
3.995883,92.1586
3.867051,228.1515
4.014930,82.6411
3.742269,361.0265
3.977479,126.7917
4.001567,105.7404
4.069270,39.6745
4.065667,51.0235
3.983848,133.8639
4.042800,75.9347
4.097572,26.4927
3.951653,175.7407
4.079781,51.5275
3.714091,421.8354
4.077580,60.2390
4.051023,88.3274
3.991421,149.7908
4.054612,91.3771
4.107308,41.4882
4.034387,116.1202
3.979012,172.4473
4.131309,24.7338
3.789536,371.2202
4.039063,123.7704
4.009503,157.9094
3.959581,209.6094
4.145990,26.5340
4.068091,105.4724
4.103296,77.2597
4.139351,42.5475
4.088042,95.2043
4.117713,70.4325
3.965472,224.2116
4.108945,83.1412
4.169191,25.0585
4.173564,24.4411
4.124065,77.8030
4.075117,134.4194
4.156044,54.4376
4.020717,192.4928
4.172524,42.0850
4.104271,112.2526
4.076086,141.6650
4.116691,105.5260
4.201869,23.1877
3.895303,335.9458
4.137819,94.3748
4.209536,24.6629
4.210482,33.6047
3.698256,548.7706
4.135927,112.1445
4.004396,244.7312
3.961058,289.5320
4.198005,54.8329
4.232195,27.3002
4.160761,102.0583
3.923197,341.6810
4.189684,78.0940
4.150508,118.3115
4.222217,48.4163
4.151460,126.0076
3.835691,445.3056
4.026811,256.5314
4.052080,233.8460
4.262820,24.5959
4.127394,164.5244
4.267779,27.9431
4.192087,104.7350
3.809877,490.9807
4.249128,53.6157
4.250591,58.0431
4.225057,87.1091
4.008033,306.3904
4.086598,233.7134
3.897329,424.5862
4.234200,91.2693
4.268820,58.3367
4.270634,62.6534
4.180556,157.5657
4.194250,145.4200
4.183247,164.7261
4.216524,134.9555
4.141212,212.9736
4.302744,54.3330
4.264878,93.2040
4.040012,321.1381
4.214610,150.5023
4.280997,85.6907
4.118736,252.3109
4.347974,27.4019
4.049424,330.8343
4.312167,71.7312
4.321915,64.9780
4.248072,141.3047
4.285926,105.6684
4.181899,212.8812
4.287417,111.0981
4.320312,79.8929
3.972029,430.4823
3.868063,537.5813
4.383898,26.2836
4.380259,33.9964
4.296822,118.4438
4.391595,30.6374
4.314423,111.0235
4.327158,99.3003
4.358083,72.5656
4.148796,283.2467
3.973412,462.6586
4.231249,206.3715
4.351480,88.1039
4.410182,30.5164
4.354186,95.3786
4.422234,30.0444
4.217751,239.6551
4.389377,71.2118
4.333288,130.0568
4.295722,171.7883
4.162834,305.7517
4.213210,256.3859
4.365113,107.0078
4.357078,121.1404
4.425448,54.2002
4.449565,32.0805
4.457407,28.3291
4.259495,227.7296
4.440699,51.9766
4.325470,168.1344
4.252839,248.0155
3.690485,813.0353
4.415267,89.7274
4.338122,168.8366
4.402512,105.8950
4.437621,73.3858
4.463346,51.3201
4.371047,146.4080
4.492676,27.3469
4.398515,126.3924
4.500855,28.0440
4.481646,52.6479
4.511007,27.2501
4.277468,261.7922
4.414256,127.7048
4.394781,149.9979
4.467511,78.3343
4.247028,300.3786
4.528899,24.7830
4.524908,29.7474
4.300858,257.1903
4.534295,25.9552
4.469597,93.7309
4.426459,146.1733
4.485737,89.2156
4.504995,70.9135
4.460589,116.3530
4.479648,99.2304
4.558049,23.1133
4.291926,294.7019
4.432043,157.0990
4.472121,121.6263
4.572632,27.3486
4.400205,203.6722
4.366688,239.0368
4.339671,271.0493
4.375376,236.6798
4.452279,161.4673
4.283343,336.9050
4.405645,216.9098
4.468586,154.9606
4.478219,147.7290
4.244087,386.6917
4.544779,87.9738
4.436071,200.3678
4.612056,29.0116
4.167413,475.5113
4.554656,90.6373
4.386894,259.8403
4.517456,134.2027
4.538258,116.2463
4.625948,31.9185
4.308634,351.1195
4.636439,28.1074
4.095203,570.7473
4.623547,50.5947
4.541961,133.5886
4.553683,122.9105
4.593748,88.6834
4.613746,69.6585
4.506959,178.5874
4.545846,143.3372
4.632754,58.8151
4.665951,27.2131
4.642925,59.8737
4.645294,59.4799
4.682432,25.1753
4.576943,133.1114
4.676594,39.1260
4.581163,137.1683
3.938367,786.3377
4.630779,95.0147
4.702799,28.7370
4.578879,156.0981
4.575908,167.7188
4.503520,247.2115
4.715721,41.5764
4.622555,135.8102
4.539261,222.2009
4.361151,402.6263
4.710055,56.6855
4.514666,254.8158
4.487225,285.5808
4.586629,188.1561
4.520024,256.7056
4.493604,286.2965
4.757298,29.6274
4.766741,27.3783
4.685547,112.0958
4.689184,110.4316
4.188146,614.2983
4.641069,162.9688
4.731537,73.4632
4.599982,205.9813
4.589143,220.1860
4.786926,27.4594
4.794120,25.1901
4.664547,156.2955
4.743629,80.9775
4.725795,99.7646
4.439585,390.0942
4.605726,227.7252
4.707608,126.7929
4.724706,113.9273
4.620249,219.8455
4.430649,412.4975
4.776730,71.1116
4.825560,26.0154
4.833451,25.8982
4.797644,62.6231
4.763778,97.9345
4.809329,53.3424
4.774785,94.7446
4.761462,109.0255
4.659754,211.6492
4.691569,182.1311
4.847842,28.2571
4.819311,60.8310
4.805001,81.5527
4.859350,29.8546
4.547407,343.2748
4.610720,282.7672
4.840095,55.6944
4.734978,163.7674
4.824607,78.8683
4.693164,211.6782
4.750733,157.0390
4.772807,136.7642
4.799616,110.8964
4.814386,105.8637
4.654505,272.0461
3.780854,1146.6752
4.603878,326.4897
4.869530,66.5101
4.805963,134.4414
4.560251,381.7685
4.758366,184.6522
4.683405,262.6840
4.675550,275.2532
4.574953,378.4259
4.903476,57.8916
4.909571,58.0463
4.834401,135.0761
4.704774,270.1045
4.946090,32.9609
4.820843,160.3253
4.910513,72.5681
4.940405,46.6797
4.920250,67.8241
4.674142,315.4164
4.967618,26.9388
4.969478,27.2188
4.870488,128.7466
4.829680,175.3359
4.779902,226.6036
4.981169,28.0502
4.861713,160.4583
4.994558,28.7838
4.895790,129.0408
4.898746,128.1489
4.950804,80.7658
4.871404,162.8242
4.943018,94.1677
4.936041,102.7362
4.961368,79.9189
5.022172,19.9554
4.804038,239.2151
5.023342,20.6679
4.983082,61.4590
4.889205,156.7528
4.876100,172.8092
4.843147,206.6271
4.886554,164.8994
5.042128,249.8721
4.927530,446.4037
5.043254,332.4034
4.999235,377.6971
4.907772,470.5565
4.953380,427.2703
4.718332,662.9867
5.005016,376.9828
5.045959,337.4732
5.031571,352.2138
4.974880,409.2556
5.026896,357.9441
5.292001,101.7997
5.373935,20.5365
5.375658,19.4673
4.987086,415.5152
4.979051,424.4669
4.563328,840.4652
5.048910,355.4092
4.930368,474.7663
5.009220,396.1981
4.926551,480.7918
4.651659,756.0074
5.024831,383.1709
4.838634,569.7067
5.049775,359.2584
5.041288,369.6969
4.988074,423.5377
4.646734,765.5482
5.034229,378.7622
4.769483,646.6423
4.880144,536.4487
4.851576,565.4973
4.862672,554.8859
5.051454,366.6126
4.873701,544.8857
5.037187,381.9561
5.038778,380.9267
5.044010,376.2808
4.657867,763.0336
5.044541,376.9631
4.860267,561.8488
5.006506,417.9916
4.942020,483.1962
4.996697,429.2329
4.802444,624.1775
4.989559,437.7980
4.893488,536.2491
4.904843,525.7112
4.508408,922.8829
4.890682,541.3817
5.376934,302.8928
5.380651,300.2567
5.381320,300.4496
5.384840,297.6567
5.383432,299.8139
5.382000,301.9745
5.384136,300.7535
5.383785,301.9912
5.378330,307.7569
5.393801,293.0898
5.394472,293.4568
5.395126,293.1690
5.402601,287.1236
5.403519,286.5834
5.403794,286.6869
5.405135,285.7428
5.409034,348.7743
5.416125,344.7447
5.429738,331.8404
5.412992,349.2953
5.418587,346.6721
5.411613,354.1503
5.431291,334.7812
5.407344,359.0492
5.418067,350.1052
5.422116,346.4443
5.407667,361.2896
5.419143,350.2191
5.432064,337.7286
5.405418,364.8170
5.420901,351.0537
5.430554,341.8573
5.408341,364.5351
5.420292,353.0854
5.419705,354.2040
5.421505,356.3800
5.417559,360.9180
5.424498,354.5788
5.427357,352.3294
5.425216,355.1029
5.416594,364.3794
5.410985,370.6765
5.412283,370.0793
5.425930,357.1815
5.417074,366.7865
5.426622,357.9964
5.404320,381.0861
5.408002,378.2051
5.679828,107.1765
5.680909,106.8980
5.681770,106.8550
5.682498,106.9998
5.683975,107.3923
5.686892,111.2251
5.687930,111.0905
5.688296,111.6229
5.690103,110.7198
5.683247,118.5046
5.689725,112.9621
5.690481,113.1156
5.684890,119.6546
5.686087,119.4143
5.690878,115.6624
5.757810,49.7859
5.760872,47.9105
5.685777,124.1140
5.765260,50.0004
5.771956,47.3209
5.787005,41.2518
5.788626,40.7163
5.761579,79.5406
5.799021,44.6849
5.768957,86.0360
5.815261,40.8892
5.789498,68.3573
5.777885,84.5557
5.779077,89.2638
5.828257,41.4653
5.829342,43.6452
5.841121,39.7202
5.787808,95.7004
5.808783,79.0371
5.769363,128.4913
5.856152,43.7882
5.786208,121.4039
5.770236,138.3936
5.869724,39.9271
5.872988,48.2734
5.766393,155.9187
5.773378,153.8691
5.880841,49.3608
5.800823,134.3029
5.768173,171.7391
5.781662,159.9509
5.862442,80.2390
5.908630,39.7967
5.801752,147.7895
5.909651,42.2569
5.897855,61.5228
5.921262,40.8538
5.773910,197.6885
5.935127,40.3026
5.803597,182.6431
5.782363,208.5915
5.805502,195.4954
5.809891,196.1946
5.780974,231.9669
5.899941,114.1282
5.971599,43.5326
5.941614,80.2619
5.986241,42.0816
5.804545,224.9483
5.780320,259.8403
5.990955,50.7346
6.000998,42.2354
5.779687,270.4801
5.799919,251.3037
6.012941,49.2342
5.927247,136.0096
6.021876,43.4104
6.015132,51.8205
5.922313,153.2930
5.887821,188.8553
5.883509,195.7268
5.975430,106.4400
5.802688,286.5869
6.050168,42.0881
6.041690,58.9592
5.783861,317.7840
6.062176,40.5248
5.778477,329.8899
5.765764,348.3791
5.939913,175.2599
6.075606,51.1720
6.081870,45.9975
6.040161,97.2112
5.857856,285.3414
6.006087,143.2015
5.766073,384.2446
6.101645,51.6715
5.907612,255.2971
5.772876,392.0938
6.115173,51.3109
5.951918,216.7083
6.126779,47.7022
5.819277,356.2438
6.143198,45.5329
6.137372,52.4599
5.868342,329.5192
6.028323,171.2008
6.150318,50.8127
6.014069,194.8762
5.768561,441.5281
5.949542,273.7254
6.174482,51.2697
6.076677,151.0916
6.066953,167.3005
6.065287,170.0102
6.043234,197.0761
6.197862,43.5317
5.791368,456.8808
6.208946,41.3894
5.854994,403.9774
6.079237,180.8204
6.175522,85.6444
6.227769,45.2433
6.234254,46.9409
6.248250,37.8024
6.240311,48.6694
6.199524,92.1473
6.223268,75.9175
6.210090,90.1442
6.260057,43.7245
6.168627,145.5289
6.102701,212.4826
6.281196,42.4493
6.089276,235.4028
6.286053,46.2542
5.783113,550.2446
6.235298,99.1012
5.806541,537.7439
6.299186,47.0710
5.807597,541.6934
5.785407,572.5173
6.166485,192.5684
6.314156,47.4072
6.332307,38.8835
6.333358,38.9646
6.323646,51.7547
6.334400,42.1078
6.273013,112.0490
6.346258,39.8098
6.162910,224.4025
6.357925,40.8278
6.359054,40.7669
6.092257,309.8766
6.189833,215.7568
6.258972,152.6095
6.371192,41.4578
6.372323,41.3821
6.063258,352.4587
6.291672,125.9267
6.114143,312.0024
6.385063,43.5836
6.188731,243.7487
6.261166,181.8054
6.149289,294.7617
6.411582,44.3296
6.412650,44.3506
6.413705,44.4376
6.417600,41.6304
6.315185,153.2617
6.415717,56.9310
6.398753,74.9598
6.288981,186.7139
6.399821,83.8637
6.442972,43.7712
6.402134,96.9457
6.455913,44.1740
6.457001,44.0898
6.458144,44.0045
6.459231,45.8115
5.843706,669.8602
6.468447,46.0454
5.784619,730.7818
6.475695,47.2477
5.798118,726.2162
6.051223,476.6032
5.962117,571.4577
6.361564,181.1755
6.499080,44.5992
6.500087,44.5301
6.501091,44.4792
6.502149,48.2615
6.505043,46.8368
6.375401,182.4567
6.513567,48.6993
6.514493,48.7400
5.930203,633.9805
6.108368,456.7586
6.515402,51.7817
6.225752,345.8901
6.426146,147.1132
6.542740,39.5500
6.543680,39.5758
6.544618,39.6682
6.100650,486.2954
6.545571,43.2923
6.550411,45.5957
6.551880,45.4000
6.533575,72.4444
6.486744,123.7226
6.562267,49.1496
6.563233,49.1154
6.564184,49.1167
6.565127,49.1623
6.241394,373.8574
6.571643,44.5830
6.324679,302.1019
5.948427,679.2709
6.582291,46.3688
6.583256,46.3856
6.584286,46.3774
6.596007,42.1848
6.588864,52.1045
6.432481,211.3726
6.303782,341.6083
6.606020,41.6172
6.613301,43.4937
6.610468,47.3637
6.614290,46.2101
6.629642,43.5161
5.772412,902.3141
6.630664,46.0623
6.201131,482.4911
6.638193,46.4815
6.573260,112.4603
6.522944,174.0709
6.656795,41.2350
5.942681,757.3155
6.153317,550.7081
6.527827,181.5000
5.762288,948.5786
6.674727,43.0495
6.472648,246.1181
6.683623,36.1528
6.684675,36.2114
6.685721,41.5150
6.611417,121.9124
6.697015,37.3133
6.524334,210.9327
6.698031,40.2113
6.704026,42.6794
6.628660,121.4981
6.164971,593.1688
6.717777,41.4066
6.719776,40.4433
6.710867,51.3345
6.720887,46.8904
6.387313,385.9674
6.473713,301.6158
6.657832,118.5491
6.643854,143.0676
6.428647,360.7630
6.626781,170.7729
6.376508,429.0397
6.760220,48.3844
6.640969,179.1860
6.344286,476.9226
6.750159,72.1365
6.773281,52.0529
6.673159,160.4745
6.786922,47.7791
6.733330,105.8678
6.586946,258.0019
6.300235,545.7640
6.805548,43.9623
6.612349,245.6029
6.615252,244.7198
6.820156,48.9728
6.821209,48.9593
6.775330,96.8158
6.645391,236.4561
6.738242,144.6128
6.834702,49.2010
6.845999,47.8029
6.762202,132.6406
6.759184,136.6695
6.699997,198.4382
6.857953,41.5568
6.405590,502.0249
6.869129,39.5585
6.870169,41.7328
5.769793,1151.7688
6.349291,573.3627
6.647638,284.9618
6.822296,119.3870
6.893808,48.9668
6.898436,45.3954
6.844949,108.6536
6.709328,247.3893
6.839199,120.7795
6.557858,409.6983
6.921563,47.0742
6.483685,486.4684
6.758140,223.1610
6.941683,40.6792
6.734329,257.3601
6.789410,203.3690
6.776381,218.8053
6.127868,877.0798
6.859973,145.9791
6.735268,271.6803
6.967558,40.3363
6.932600,77.7706
6.981302,38.7161
6.883903,137.6519
6.029494,996.0930
6.718767,311.8605
6.991690,39.9886
6.992780,40.0511
6.872146,165.5448
6.444051,598.1459
6.922654,120.5993
7.004949,40.9419
6.825335,230.6135
6.386068,671.0439
6.767778,299.1510
6.899510,168.4727
7.025588,45.1592
6.250336,831.2084
7.042197,40.3968
6.727237,361.7335
7.021556,72.8549
7.020019,75.8799
6.943832,163.2515
6.882856,225.2339
7.032832,76.2503
7.066930,43.1647
7.067983,43.1444
7.081545,38.8359
6.911902,210.0296
7.082595,41.5026
6.660500,470.7114
6.907616,224.7109
5.959379,1174.0074
7.094411,40.0522
7.107084,37.3490
7.045891,100.6378
7.108090,39.5014
6.959979,194.9371
6.970154,185.8196
7.006948,150.8279
7.111128,57.8125
6.676727,493.3754
7.131212,41.8968
7.005952,176.8450
7.043254,140.6467
6.746706,442.2519
6.942775,251.8868
7.155975,39.7639
7.121932,79.0101
7.168941,37.4283
6.908688,299.3523
6.849511,363.2389
7.146529,74.7145
7.109082,113.2347
7.070747,160.8758
7.188958,44.6685
7.030628,216.9380
7.173110,75.4683
6.953603,295.9496
7.110095,142.4595
7.206370,47.6522
6.597281,665.1666
7.221244,42.2044
6.956718,310.9298
7.231624,39.1408
7.157777,114.0830
6.895854,380.7545
6.894843,387.4096
7.247567,45.2856
7.252555,42.4742
7.124098,185.5600
7.170103,142.5656
7.222317,91.8885
7.276609,46.2229
7.144434,179.4261
6.968638,357.2329
6.616227,718.9558
7.292853,43.3595
6.995187,345.1482
7.133387,209.8374
7.254022,101.5672
7.309658,46.9551
7.031679,327.9032
7.182798,184.6122
7.322832,47.4806
7.088971,290.7611
7.335183,45.5712
7.336213,45.5888
7.037691,345.1515
7.340336,44.0612
7.147592,247.3048
6.833634,563.3006
7.355590,42.9158
7.314206,93.3591
6.982363,426.2807
6.567184,851.7959
7.379732,40.3008
7.381802,39.2776
7.323860,99.2229
6.797555,633.2381
7.356614,75.7421
7.154916,280.9937
7.249553,195.4431
7.233627,212.4370
7.407566,41.0595
7.271860,184.4545
7.055949,401.4218
7.418981,41.4475
7.394898,74.4392
6.808605,661.8234
7.370314,104.6191
7.446065,35.9487
7.132327,352.9177
7.134464,355.3261
7.457371,36.5992
7.420034,74.9792
7.267648,233.8726
7.469337,37.0485
7.432357,75.5954
6.881848,629.8604
7.444996,72.4425
7.474933,44.3843
7.485245,45.4301
7.120381,411.3947
7.183901,348.9308
7.493971,41.9069
7.501521,43.5713
7.384398,162.6134
7.470429,85.2479
7.517439,39.3047
7.312669,249.0769
7.212751,354.8492
7.511709,57.9431
7.530676,42.5099
7.531777,44.4020
7.367411,218.1076
7.270765,315.7888
7.506386,92.2140
7.555677,43.9191
7.195739,404.8561
7.295030,307.0428
7.556745,46.8300
7.398506,213.0203
7.057113,555.4031
7.567600,45.8973
7.200943,417.9304
7.573187,50.2589
7.456315,168.1265
7.585519,49.3894
7.495014,140.9217
7.586554,51.7593
7.598601,47.6318
7.599597,47.6369
7.600596,47.6308
7.007894,641.3251
7.602073,48.6818
7.613498,47.2890
7.095899,565.9301
7.489790,173.0560
7.623446,42.1868
7.435910,238.6616
7.634909,40.6852
7.408644,269.3357
6.627699,1058.4934
7.646234,41.0041
7.647234,41.0038
7.648227,41.0624
7.380755,313.6633
7.576179,123.9236
7.421080,280.0839
7.660788,49.7910
7.359583,352.0843
7.661830,52.4614
7.677981,45.2542
7.248578,486.2744
7.688238,47.6462
7.689290,47.5940
7.694419,43.9710
7.675595,73.2188
7.343224,406.5653
7.710580,40.2041
7.194663,558.5268
7.650755,103.8352
7.208041,555.0400
7.460429,304.4176
7.603575,169.9384
7.569653,204.7736
7.734853,40.4802
7.532833,245.4740
7.735885,43.9092
7.736884,43.9193
7.618874,171.3936
7.665634,125.6389
7.748814,43.4603
7.749790,43.4933
7.750784,43.5334
7.535878,265.9208
7.430794,372.0711
7.764847,39.5764
7.754591,51.5559
7.701165,111.9353
7.448626,365.5449
7.773514,44.2119
7.325871,502.8089
7.662847,173.8300
7.700103,137.6676
7.612516,226.3418
7.382843,457.1146
7.010371,840.6480
7.780804,73.2826
7.774427,91.1331
7.775334,91.7207
7.738390,138.1954
7.836677,40.9549
7.837772,40.9002
7.838859,43.3664
7.711667,178.6936
7.802865,88.5689
7.793284,99.7046
7.396935,506.2321
7.611527,292.7108
7.674573,232.0653
7.624442,290.0658
7.876587,38.9059
7.877633,38.8485
7.878672,38.8097
7.839958,80.3372
7.686193,242.4413
7.890362,39.2937
7.687238,243.4330
7.891435,41.7435
7.714292,226.1994
7.903168,38.3842
7.423084,520.5269
7.851020,100.5208
7.545093,407.5415
7.904239,49.5796
7.914509,41.5678
7.507953,457.1619
7.794318,172.9097
7.917482,62.7239
7.792275,199.8724
7.282253,710.9741
7.854087,140.6270
7.806148,198.8748
7.965115,40.9698
7.930672,79.9445
7.263449,753.8711
7.801800,216.5991
7.943611,80.4233
7.992148,37.9253
7.915493,117.0584
7.993228,40.9746
7.638314,403.6306
8.006085,38.8426
7.547012,505.2742
7.262448,790.8796
7.892989,162.0916
7.929657,139.6031
8.030074,40.2455
8.024035,47.8560
7.649220,426.2310
7.967228,113.3074
8.041945,39.6532
7.779795,311.7228
8.032552,60.0646
8.044929,49.7238
8.052286,44.0375
7.956077,147.7425
8.070320,36.6343
7.828681,288.8092
8.017321,101.7620
8.094653,34.6362
7.953819,178.4793
7.941553,194.1799
7.980207,161.7979
8.081599,64.9520
8.106955,42.1307
7.994715,159.8619
7.906638,248.9689
8.117491,41.3646
7.778307,390.9481
8.069260,101.0534
8.129290,43.3926
8.080536,101.3469
7.482014,700.9351
8.142005,41.9653
7.928635,265.8572
8.146552,48.9733
8.103820,97.2777
8.154578,53.4112
7.635936,573.0994
8.169256,42.8830
7.882226,333.3495
7.916482,305.2630
8.181884,42.3819
8.119084,113.1438
7.865560,377.7846
8.194492,51.3233
8.053328,203.0595
8.215576,42.8881
8.207989,51.9868
7.791273,471.8746
8.075451,195.4313
8.055081,216.8561
8.232228,43.1482
8.071892,210.7772
8.243346,40.4517
7.920296,374.1125
8.091518,203.9623
8.010617,288.6125
7.814172,492.4910
8.201099,109.6412
8.224266,97.3299
8.135733,186.9384
7.804424,526.8955
8.295481,36.8102
8.034203,299.8297
7.933179,413.1875
8.306663,40.7231
8.299230,50.1748
8.155608,197.6662
8.170314,188.6887
8.282669,79.7327
8.321597,42.7011
8.259977,112.0645
8.018399,354.6248
8.331320,42.6891
8.332292,44.5894
8.346367,38.9140
8.347387,38.8513
8.221746,165.4473
8.183971,205.3314
8.349405,40.9077
8.271938,127.1840
7.951542,448.5441
8.362403,38.6245
7.952635,449.5788
8.256388,155.6586
8.372042,40.9867
8.373024,40.9652
8.374010,40.9528
7.940492,475.4746
8.294409,131.1358
8.385281,41.2073
8.386239,41.2294
8.387194,41.2749
8.283798,146.6077
7.763082,670.7732
8.310740,142.3233
8.399123,58.5145
8.400086,60.0112
8.158856,309.7418
8.412047,57.6350
8.209036,261.7096
8.005023,466.8214
8.212139,261.0107
8.364298,118.6732
8.353275,131.7331
8.402214,92.1711
8.457638,38.2707
8.430406,74.5514
8.270883,235.0303
8.460098,48.0657
8.468598,42.6290
8.469683,42.5981
8.470746,44.0550
8.425545,97.5945
8.245816,278.3575
8.132299,402.2939
8.172683,364.0640
8.433856,107.0431
8.504958,40.8957
8.359003,187.9733
8.508164,39.9305
8.182950,367.3436
8.428469,128.5841
7.867056,693.0905
7.817727,753.5096
7.519318,1063.4980
8.545854,38.0299
8.546977,37.9575
8.414963,171.0417
8.536748,51.3063
8.494386,101.8981
8.557054,40.3149
8.523140,80.8665
8.495909,113.0206
7.753190,858.0618
8.485008,128.2879
8.582817,32.6065
8.583885,32.6394
8.584935,32.6885
8.376881,242.9519
8.586005,45.0329
8.514802,121.8111
8.597369,41.4387
8.512281,134.3680
8.540899,106.7615
8.195525,453.1375
7.561747,1098.1172
8.505914,154.9758
8.615424,46.5079
8.616525,46.4500
8.617624,48.4105
8.511228,163.4381
8.534593,141.0690
8.636613,40.0620
8.334033,343.6962
8.426489,253.3117
8.631039,57.4426
8.646650,44.3104
7.813101,885.2294
8.659864,39.5278
8.660890,39.5574
8.662975,38.5330
8.427469,278.7115
8.676676,36.1126
8.482972,231.3692
8.677730,38.1788
8.401028,323.7167
7.790268,938.3798
8.679801,57.9257
8.698331,40.4158
8.699393,40.3739
8.700448,40.3495
8.701509,40.3417
8.675663,76.5064
8.706181,47.3671
8.413990,343.4126
8.638809,124.2707
8.596285,167.8005
8.666035,99.0683
7.723235,1049.4740
8.715909,60.6789
8.737728,49.8700
8.738747,49.8605
8.739767,49.8533
8.740798,49.8386
8.389303,402.3887
8.752170,40.5807
8.712789,81.0881
8.741851,55.2299
8.757404,47.9608
8.674667,139.0296
8.473151,341.5696
8.648663,168.4689
8.524174,294.0791
8.571237,254.0324
8.787598,50.2154
8.788608,50.2258
8.789621,50.2293
8.790637,50.2544
8.258464,583.4870
8.793878,49.3797
8.764086,83.9974
8.415967,437.4269
8.092617,761.7831
8.813697,44.1633
8.604007,261.0060
8.471845,404.6917
8.837815,39.7101
8.838835,39.6526
8.839851,39.6142
8.840892,39.5721
8.841952,39.5337
8.690961,192.5423
8.843258,49.6286
8.661932,231.9111
8.096324,798.3951
8.853394,42.2554
8.560147,337.8112
8.792751,111.5801
8.805365,102.6553
8.548095,365.0365
8.772710,141.3607
8.765104,152.6176
8.876537,43.1224
8.877525,43.1604
8.878487,43.1999
8.879466,43.2138
8.880465,43.2726
8.881486,44.4809
8.714342,220.0229
8.892887,42.4852
8.893844,45.0296
8.818254,128.4869
8.865014,82.8044
8.322672,635.1807
8.611253,349.6205
8.608930,360.9068
8.923738,47.1150
8.904332,92.5199
8.814721,186.6440
8.935373,67.0112
8.453064,550.3190
8.413029,591.3619
8.946741,69.5724
8.895650,121.7330
8.149086,869.3589
8.390313,629.1954
8.883504,137.1376
8.913132,108.6829
8.969838,54.6624
8.925967,110.6034
8.914071,123.8139
8.996853,42.2491
9.001366,38.9615
8.825270,220.9014
8.647661,399.7712
8.619834,435.3610
8.970853,87.3222
8.817133,242.2613
9.037886,26.6391
8.957854,107.9456
8.588055,485.7356
8.797081,278.5080
8.921688,164.5394
9.002384,85.1024
8.919660,173.2019
9.064525,29.5512
8.688482,410.5076
8.753549,348.2614
8.263148,840.5266
8.857861,253.4608
9.020642,92.4470
8.960874,157.9937
8.776589,344.4399
9.094077,29.3796
9.021815,112.3593
9.065800,71.9874
9.058176,85.2417
9.118868,25.7461
9.047433,101.7187
9.073791,78.8352
9.039102,119.6811
9.059395,100.6016
8.934365,230.0995
9.036571,133.7844
9.143419,28.0445
8.908021,267.0101
9.144615,32.3715
9.092863,95.5019
9.098990,94.0521
8.922680,273.4853
8.920686,277.4130
9.087487,114.1884
9.111323,92.0970
9.170356,34.2624
8.848084,359.7093
9.171464,37.6025
9.121029,91.0692
9.149152,70.4772
8.894720,330.1462
9.055195,174.5280
8.947819,288.3971
8.728648,509.3143
8.613297,625.9064
9.086228,156.1691
9.113089,130.5301
9.040328,208.3228
8.791692,459.2880
9.046172,215.0053
9.229724,32.6841
9.236216,31.1323
9.004391,271.8980
9.017384,260.2259
9.201676,77.1412
8.763080,518.5835
9.196166,93.0111
9.075601,214.7660
9.101811,194.1274
9.267349,32.4042
9.207794,94.1462
9.198100,106.2064
9.188365,120.4724
8.917722,394.6989
9.248651,66.5099
8.854401,462.5667
9.276290,49.8683
9.018445,312.1289
9.242398,90.2938
9.304306,31.9914
9.237963,99.5591
9.159997,185.4089
9.204619,144.0793
9.176987,173.5481
9.016314,335.5617
9.332692,29.5379
9.137788,227.9281
8.938874,428.0757
9.158784,213.6103
9.019509,360.6054
9.193043,189.0093
9.261178,122.0552
9.330575,56.9056
9.362231,31.8671
9.290368,112.9479
9.212099,192.9501
9.219630,187.1473
9.301940,106.1641
9.289178,120.1645
9.123457,296.6203
9.316968,104.3369
9.365717,57.4297
8.897958,527.0554
8.724745,705.9090
9.394098,42.0245
9.152626,287.5527
9.348699,95.0852
9.103675,343.4956
9.209067,242.1510
9.175031,277.3992
9.350535,104.4319
9.326159,130.0276
9.312422,150.7692
9.430655,35.4392
9.239204,238.6751
9.366950,113.2720
9.451218,32.5556
9.224867,260.9830
8.275377,1212.3386
9.262409,232.2179
9.463191,33.3967
9.420078,80.2246
9.337523,168.9933
9.243620,267.3557
9.351876,160.4116
9.315161,201.7603
9.443785,76.2213
9.278818,246.9984
9.494627,32.3575
9.250981,277.1998
9.336298,193.6722
9.295939,244.0422
9.496588,45.7478
9.510976,32.5196
9.423147,122.4807
9.512289,36.2482
9.516922,35.7775
9.477880,80.8612
9.525817,34.0987
9.425014,138.1061
9.526985,37.3475
9.134175,434.5612
9.528181,47.6469
9.440180,136.8991
9.003384,577.3622
9.485850,99.5895
9.454968,134.8252
9.383233,209.1187
9.024501,569.9144
9.558741,38.7686
9.345406,256.8091
9.563121,44.1475
9.405050,207.3181
9.281664,335.7065
9.552700,70.0886
9.164465,462.3489
9.602216,29.4872
9.299754,334.4585
9.575829,61.8043
9.539981,100.0611
9.408105,235.6775
9.436123,216.1473
9.483774,169.6956
9.203420,454.6136
9.480223,179.6130
9.548537,115.9229
9.466095,203.2451
9.409343,261.7420
9.577080,101.9111
9.559916,121.4449
9.658034,27.4605
9.580746,111.6378
9.529971,164.2204
9.452431,246.1491
9.631704,68.4577
9.612368,89.1522
9.669340,33.4272
9.372395,333.3539
9.421305,289.8129
9.685495,30.5301
9.506517,218.9070
9.520007,210.0122
9.585441,146.9420
9.545628,188.6787
9.617371,122.7035
9.637634,103.6654
9.634213,112.3683
9.568737,179.5323
9.543497,209.3792
9.725424,32.5906
9.594416,164.7951
9.382052,379.4991
9.387481,381.3033
9.694192,82.1642
9.622789,156.4053
9.652271,129.9368
9.716026,68.1448
9.308838,476.5741
9.664461,124.7702
9.741300,53.0297
9.607269,196.2866
9.592353,215.0956
9.406778,402.5067
9.752876,60.8128
9.678991,136.1282
9.640043,181.0915
9.589794,233.6377
9.447172,380.0487
9.456187,376.8523
9.807449,29.9263
9.732383,106.8975
9.711119,135.9331
9.730019,126.4186
9.768785,89.4973
9.597510,262.5114
9.748270,114.2523
9.746582,119.8952
9.705749,162.5045
9.626814,244.4918
9.701521,177.3253
9.847052,34.4870
9.761552,123.5352
9.758015,128.2636
9.542337,348.4741
9.782209,110.5233
9.833040,66.2812
9.856438,47.6490
9.487716,421.7531
9.803556,107.1366
9.885088,27.3820
9.886280,30.2250
9.860022,66.7671
9.277610,650.9656
9.794330,139.3091
9.871307,63.9611
9.759212,178.6269
9.700162,238.9239
9.809285,131.6300
9.403317,544.6089
9.779195,174.9484
9.740075,222.0869
9.933640,29.6966
9.564333,402.1087
8.550294,1419.5395
9.785413,187.6624
9.821135,156.7512
9.837376,143.8165
9.827221,160.5179
9.815120,177.0206
9.823432,170.9893
9.962163,33.4169
9.963337,33.4063
9.500303,503.4456
9.789232,216.4490
9.692385,318.1301
9.939086,72.6914
9.912470,100.5461
9.858283,161.1834
9.734307,291.0425
9.996744,30.9876
10.003750,30.4680
9.643783,391.6531
9.973076,67.4781
9.935268,106.4343
9.994422,51.6779
9.813690,241.9482
9.992141,65.1767
9.868254,192.5899
9.702768,360.8922
9.878847,187.2225
9.904088,163.1715
9.987740,84.4965
9.947926,128.7506
9.881540,200.7632
10.055638,28.7993
9.981193,104.3707
10.057319,35.3757
10.066070,31.6644
10.035437,65.4926
9.926790,180.4827
9.839281,269.7761
9.966442,146.1574
10.084438,29.4126
10.011778,103.5485
10.085564,32.1162
10.019467,104.0557
10.013017,114.7291
9.899322,237.7480
9.977887,160.9731
9.969834,174.6742
9.928576,218.4890
9.866478,286.1711
9.890811,268.0776
9.784172,377.6064
9.380115,784.9281
10.063661,103.0801
9.659836,514.3391
9.954144,222.9940
10.060845,117.8972
10.109058,73.7317
10.010516,181.1645
9.862523,332.0503
10.161779,34.9702
10.067260,135.4725
9.892733,311.7941
10.034218,172.7542
10.046100,162.1312
10.112600,98.3751
10.117681,99.8762
10.113851,112.7836
10.194573,33.9998
9.937839,306.0813
10.123523,124.1781
9.681362,568.3340
9.909470,345.5894
10.076677,182.4040
10.178742,83.1073
9.916505,348.7407
9.776357,496.8264
10.115327,159.0961
10.210976,67.7729
10.255060,28.2705
10.147066,144.4434
9.698581,597.3522
10.005681,292.0282
10.137070,164.7937
10.249697,62.0030
10.092695,220.2597
9.910694,406.7796
10.082304,236.3861
10.072237,256.0546
10.127747,206.0059
10.273184,61.7683
10.274424,65.6951
10.217558,124.5623
10.025350,325.5279
10.261851,90.2806
10.317474,36.2680
10.291510,67.2225
10.202733,157.1761
10.295934,69.1849
10.027732,340.3667
10.334953,34.8855
10.342121,33.0099
10.107274,271.3779
10.226636,160.5054
10.358733,29.5711
10.206973,182.9179
10.208232,183.4365
10.359910,33.6144
10.040554,354.1812
10.204527,197.4260
10.311700,93.2188
10.191681,215.9832
9.940915,471.6935
10.265247,149.8469
10.312955,106.6824
10.166741,257.3321
10.328292,97.9379
10.278750,152.6779
10.318690,114.5556
10.097735,345.0711
10.177139,267.4293
10.415094,31.3795
10.393525,56.9567
10.158890,295.8916
9.671085,785.9092
10.431428,30.9272
10.297710,169.0260
10.404919,63.0117
10.387142,84.2851
10.378652,102.8843
10.407664,77.7662
10.144509,342.6335
10.333754,158.5337
10.340120,153.4058
10.466736,30.5120
10.389892,116.7624
10.419638,99.4556
10.442807,78.5610
9.653471,873.0208
10.456995,70.6212
10.352132,176.6654
10.433246,99.6225
10.487143,47.5311
10.388305,147.6404
10.454782,91.1188
10.519094,34.4177
10.485431,69.4275
10.493526,63.1657
10.247702,310.8592
10.462356,103.4260
10.424074,143.0293
10.532870,37.6267
10.521368,56.7823
10.259082,320.9070
10.492288,92.8214
10.471428,118.7542
10.368099,227.5693
10.196749,403.0550
10.426230,174.8209
10.301864,304.0733
10.565782,44.1988
10.526492,91.2268
10.100930,518.8798
10.369839,252.6148
10.595669,30.0591
10.497249,132.5031
10.553513,80.1692
10.350879,289.3538
9.995580,646.4357
10.590183,59.4698
10.578151,75.1511
10.625729,31.3494
10.556692,102.4467
10.601052,64.0181
10.633682,33.2003
10.182790,485.3146
10.375131,303.6418
10.570497,111.1808
10.649654,33.8793
10.599805,89.8549
10.609982,85.9773
10.394736,307.4665
10.283331,420.6638
10.228574,477.8355
10.642016,70.1643
10.653303,60.6320
10.446474,272.2331
10.617719,106.7245
10.695960,32.0036
10.450482,286.5740
10.622454,117.0441
10.534675,210.2524
10.712181,34.3687
10.527617,224.2054
10.640233,113.1952
10.567104,188.0261
10.554859,201.4663
10.724444,35.8440
10.174176,595.3894
10.659139,110.9702
10.689661,81.4092
10.579990,191.9315
10.528798,244.2958
10.657079,119.8386
10.678774,99.3025
10.353756,425.9106
10.545901,237.1543
10.739499,45.2001
10.769566,15.9434
10.391669,394.8062
10.629753,158.1463
10.585110,205.1331
10.412610,378.6220
10.558562,235.6112
10.535946,260.1394
10.713935,82.8958
10.041703,756.3636
10.784700,14.3421
10.665071,136.4855
10.770110,32.9722
10.165044,638.6633
10.444569,359.6780
10.790244,14.9533
10.794174,15.5073
10.771922,38.2459
10.791232,21.8388
10.718708,96.0171
10.776918,40.8093
10.783056,35.4512
10.737057,82.3387
10.467932,351.9924
10.756326,64.8862
10.804247,21.9143
10.243921,584.1342
10.605939,225.2200
10.506654,326.1479
10.799042,36.3459
10.619810,216.2662
10.796832,40.2592
10.760289,77.4997
10.744927,95.8500
10.778077,63.5283
10.826162,17.5000
10.831159,14.5091
10.771070,76.8186
10.152649,695.6756
10.821213,27.5989
10.755130,96.7703
10.796085,56.9188
10.751823,101.8052
10.779667,75.2964
10.810168,45.3363
10.803707,54.1585
10.832803,26.6041
10.681678,180.5556
10.847890,15.3092
10.786476,77.3650
10.683534,180.7598
10.851901,13.7942
10.668105,198.0460
10.773094,93.4988
10.785510,84.6331
10.702203,169.8462
10.819396,53.1069
10.365119,508.3618
10.798067,77.5918
10.853628,25.0253
10.481537,397.7658
10.840778,39.3190
10.837091,45.4318
10.872050,12.0826
10.841605,46.6930
10.819925,69.5403
10.863199,28.2797
10.828056,64.1388
10.805198,87.7534
10.859407,34.4013
10.882524,12.5532
10.401954,494.9577
10.848812,50.3797
10.138861,762.4801
10.817728,84.5291
10.857866,44.8278
10.813071,91.7074
10.855505,50.8829
10.866152,40.7881
10.853005,56.0346
10.884133,27.1609
10.870144,41.5825
10.854964,57.5950
10.845669,71.4345
10.880097,37.6043
10.878654,40.1235
10.892951,27.2904
10.888299,33.1752
10.899193,23.0265
10.879303,44.4256
10.753429,173.6254
10.904780,22.9657
10.787900,140.8939
10.843663,87.3471
10.809682,122.3746
10.902257,31.5336
10.923729,11.7353
10.803083,133.7738
10.927055,12.4795
10.814726,125.8792
10.931010,11.0189
10.703995,240.0277
10.932057,12.9950
10.912559,32.9294
10.848326,99.9795
10.893809,55.3639
10.835389,115.9468
10.911727,41.0246
10.902695,51.3291
10.942030,13.2372
10.727964,228.6572
10.944024,13.4764
10.872503,86.2402
10.889465,70.6476
10.875660,86.9148
10.895078,69.9838
10.746550,219.0379
10.864294,101.7136
10.911295,56.7370
10.863841,105.5033
10.892195,77.9272
10.928794,41.9123
10.706410,266.5358
10.935465,39.6199
10.896912,79.8108
10.866593,111.5286
10.966008,14.0727
10.922220,59.7275
10.968032,14.4104
10.862235,121.6025
10.954024,32.0206
10.917104,69.5430
10.801557,185.6732
10.962575,25.2361
10.920242,72.6261
10.972947,20.4908
10.957500,36.7711
10.970123,25.3135
10.982443,13.6138
10.951336,47.2199
10.918778,80.7674
10.986046,14.2409
10.909040,92.0282
10.927746,76.9163
10.980081,27.1612
10.901341,107.0854
10.933792,75.3374
10.891480,118.9992
10.998557,12.9170
10.999547,12.7501
10.818508,196.6620
10.987812,27.8107
10.995437,21.2008
10.945052,74.1039
10.948306,71.2674
11.007243,13.8016
10.976723,45.0509
10.970707,53.2181
10.987230,37.1008
11.011474,13.8329
11.015171,12.5285
11.004663,25.6315
10.906389,124.9599
10.994272,38.0633
11.019157,13.5787
10.906940,128.0118
10.837789,198.0206
11.015623,21.6078
10.960114,81.3641
11.001069,40.8449
10.992869,49.7385
10.921475,123.7576
10.969345,76.3155
11.012297,33.7876
11.034953,11.5566
11.016638,30.5329
11.035810,12.8039
10.940605,111.1889
10.975086,77.5917
10.965062,90.0577
10.955268,100.2571
11.025307,31.6991
11.030295,27.1904
11.032336,28.8591
10.873481,188.1466
10.865696,196.9884
10.993438,70.1907
11.042608,23.4457
10.986647,79.7941
11.055120,11.7334
11.055525,12.8342
10.917702,151.8087
10.836077,235.9556
10.939535,132.9010
10.949174,126.5508
11.051795,24.3880
11.010479,66.6382
11.066442,11.9591
11.041478,40.1740
11.068360,14.0609
11.019573,63.3168
11.045233,39.8030
10.981948,105.0475
11.024332,65.9123
11.000287,90.7877
11.027700,63.9795
10.978122,114.0016
11.066854,25.7293
11.052678,40.9593
11.008427,87.8757
10.945489,154.7131
11.021775,79.0076
11.061195,40.5327
10.952752,149.3901
11.047172,55.3632
10.936857,166.6444
11.048615,57.3612
11.086996,19.9903
11.041914,66.5227
10.983838,126.1135
11.078402,32.1569
11.009130,104.9819
10.666883,448.6030
11.021045,95.1161
11.090245,28.9463
11.082891,37.4919
11.057486,63.5527
11.110559,12.1103
11.100783,23.7986
11.063629,61.9367
10.958744,169.7220
11.077118,53.0476
11.109952,20.9091
11.066054,65.6340
11.057007,77.4637
11.124582,11.5730
11.081653,57.5890
11.105976,34.0959
11.046085,94.4067
10.965589,175.9394
11.130166,12.4119
11.023926,121.9652
10.956622,189.7271
11.085036,62.4235
11.122670,26.0703
11.131689,19.4462
11.140493,12.0550
11.045661,109.2329
10.996057,159.2447
11.091680,65.0446
11.082421,74.8003
11.125566,32.3983
11.037231,125.0808
11.101729,62.0939
11.092125,72.1784
11.140073,24.6204
11.116162,49.6580
11.120383,46.4550
11.119191,48.0502
11.134471,34.5907
11.154895,16.2742
11.130861,43.1119
11.146349,28.7611
11.031349,144.1745
11.046510,129.7911
11.152548,26.6020
11.167242,12.3178
11.157965,25.1524
11.166839,16.7149
11.121039,62.9119
11.156725,28.2222
11.061629,125.0143
11.175111,11.9565
11.176302,12.5728
11.128466,61.0601
11.169062,25.1102
11.141529,53.4508
11.164303,31.4923
11.102142,95.4154
11.100203,97.8765
11.165820,33.5448
11.187068,13.7042
11.072437,130.1085
11.189527,13.4510
11.164694,40.2342
11.183951,23.7101
11.194980,13.5697
11.173974,34.9688
11.162316,49.8099
11.102535,109.9956
11.157222,55.7458
11.200773,12.9307
11.147460,67.8495
11.062685,153.1323
11.204929,12.7342
11.194173,25.9066
11.208550,12.6541
11.208943,13.5278
11.069511,154.9285
11.212126,12.6881
11.212532,14.3406
11.108437,119.0551
11.163823,64.2369
11.179151,51.4712
11.075725,155.9238
11.076183,155.9619
11.202546,30.0146
11.221205,13.1085
11.171169,65.0717
11.224440,13.9609
11.195796,43.1649
11.226873,14.8560
11.197558,45.3745
11.103502,139.8506
11.142579,101.4094
11.096304,148.1363
11.230622,14.8937
11.212968,33.7735
11.234314,16.0920
11.222471,28.8517
11.091075,161.0169
11.238962,13.7505
11.224815,28.3709
11.213704,40.9842
11.155303,102.6403
11.199366,59.2366
11.184947,74.3057
11.207662,54.5989
11.145891,118.1154
11.254688,10.5602
11.032736,233.6241
11.148741,118.6028
11.106986,160.7647
11.151135,119.2954
11.179560,91.4841
11.198080,75.2530
11.252093,23.2262
11.220080,56.1267
11.243353,33.3048
11.072033,207.2948
11.215310,66.9484
11.217663,65.8208
11.259254,24.9062
11.273333,12.2610
11.275319,12.6960
11.188875,101.6593
11.245516,46.3328
11.183118,109.1866
11.241729,51.0024
11.202979,92.7691
11.228060,69.6358
11.244440,54.1649
11.284161,16.3426
11.288016,13.5601
11.250406,52.6776
11.175524,128.6167
11.290535,14.3758
11.251323,55.5210
11.264007,44.9723
11.215818,95.3173
11.276658,35.0385
11.246742,65.3687
11.300504,12.1650
11.227493,86.9409
11.304141,11.4393
11.304911,11.8075
11.298606,22.0282
11.092584,229.0547
11.258603,63.8388
11.267752,55.2947
11.271045,52.8756
11.252713,74.2517
11.262261,65.4522
11.186643,142.4518
11.270431,60.6420
11.320635,11.2061
11.136155,198.9465
11.292305,43.8881
11.243989,94.6570
11.267344,72.6541
11.285595,55.0194
11.265249,76.3970
11.331074,11.3769
11.276207,68.7777
11.232561,114.7193
11.282259,67.1688
11.303084,47.6563
11.338646,12.5050
11.292732,59.6526
11.279328,74.3404
11.291850,63.6460
11.323921,32.1868
11.312111,45.3719
11.344986,13.0281
11.114112,244.7570
11.295748,64.4383
11.347280,16.3515
11.353669,11.9817
11.115487,252.3530
11.257943,110.2998
11.232146,138.9320
11.314434,57.5682
11.297697,75.2134
11.323047,51.0238
11.283484,92.3266
11.322442,56.7481
11.311697,68.2391
11.367840,12.5143
11.368244,14.6032
11.183554,200.2249
11.236242,149.8055
11.312669,74.1521
11.093638,293.6021
11.311135,79.0615
11.351152,39.6205
11.316719,75.6559
11.357484,35.7210
11.383779,11.9143
11.355496,41.1776
11.386048,11.9360
11.341646,58.6608
11.363632,37.0866
11.358014,44.5558
11.335102,70.7251
11.306845,100.0493
11.380355,26.9662
11.266361,141.4493
11.253186,155.6589
11.315581,93.8745
11.326965,84.9781
11.400719,12.9562
11.238402,177.6018
11.365651,52.0057
11.340615,78.0717
11.352385,66.7332
11.405828,14.2020
11.327714,95.0775
11.382847,40.7077
11.301576,122.5666
11.350741,74.3366
11.406895,19.9050
11.400308,28.2203
11.349429,80.9400
11.372910,58.0896
11.419119,12.3291
11.407811,24.5862
11.321639,113.0417
11.342451,93.7333
11.425078,11.5460
11.420030,20.3890
11.408845,31.9702
11.430369,11.9291
11.387240,56.2473
11.397984,48.3156
11.379937,66.8296
11.416004,32.4870
11.392376,56.5579
11.402571,46.8059
11.423555,27.8218
11.360187,91.7652
11.440816,12.5736
11.443488,12.6503
11.358869,101.1442
11.331841,129.0098
11.436625,25.1245
11.339999,123.0360
11.375812,87.8790
11.374071,91.4551
11.393205,74.4371
11.409456,59.1551
11.449377,22.1776
11.231649,242.5382
11.139242,335.4090
11.428529,47.1943
11.418687,58.8737
11.242933,236.1321
11.453390,26.7382
11.460852,19.7890
11.460014,23.3277
11.456139,27.7252
11.467643,17.6629
11.431448,55.0182
11.474188,12.7151
11.417657,72.8214
11.440420,50.4933
11.451378,41.3064
11.461750,32.1703
11.422792,72.5807
11.308980,186.9992
11.390773,107.0776
11.486467,12.6967
11.468612,31.7812
11.432397,68.7701
11.477561,25.3864
11.492685,12.4850
11.475723,31.1863
11.396674,112.6634
11.446301,64.3276
11.413676,97.4185
11.474652,36.8898
11.501168,11.8254
11.448492,68.0776
11.442299,75.1622
11.371078,148.2173
11.336194,183.8027
11.479066,41.5689
11.379191,141.8762
11.510629,12.4095
11.329096,195.9811
11.497851,27.6743
11.516570,11.5579
11.495980,32.9787
11.483864,48.1934
11.471555,61.3211
11.436185,98.3977
11.523039,12.3493
11.356108,182.1410
11.480641,58.5954
11.411943,127.7199
11.528128,12.8402
11.480129,62.1881
11.434681,108.3148
11.520636,24.3954
11.534583,11.9435
11.495373,51.9034
11.502948,46.6664
11.538250,12.3113
11.511542,40.9059
11.535388,18.8529
11.407322,149.3628
11.506910,51.1478
11.546527,11.9854
11.521068,39.4726
11.539664,22.3980
11.463691,99.3943
11.390198,175.8023
11.554242,13.9294
11.549615,18.9419
11.540969,31.0989
11.525526,46.9762
11.542997,30.0956
11.539237,34.4572
11.386822,189.8789
11.483343,93.8131
11.542318,36.5767
11.512994,66.3193
11.568557,12.3839
11.500394,82.5846
11.572068,11.3294
11.552449,33.3495
11.485306,101.6892
11.519997,67.8512
11.525077,63.7529
11.509338,81.5388
11.579314,12.3499
11.372003,221.3218
11.582979,12.0093
11.563086,34.9148
11.573695,25.2008
11.532058,67.4769
11.532877,67.8061
11.558059,43.1071
11.590878,12.6423
11.528959,77.5238
11.560541,46.6547
11.463035,146.7110
11.598001,13.3598
11.499164,114.1990
11.572503,41.7529
11.573093,41.7172
11.511095,105.3675
11.505170,113.6969
11.556685,63.6610
11.578895,42.6529
11.576701,45.6855
11.599536,23.5022
11.426800,198.5432
11.558513,67.2403
11.611361,16.3672
11.431001,198.6249
11.490479,140.7296
11.587849,44.3459
11.618868,14.0190
11.591664,41.7673
11.620347,13.8627
11.585799,50.9423
11.517461,119.7510
11.593325,44.9995
11.625344,13.4707
11.446767,195.0732
11.490914,154.1646
11.594989,50.9618
11.586996,60.1135
11.395694,252.1097
11.609747,38.5875
11.486904,162.8304
11.607196,44.7251
11.641841,11.0142
11.580942,73.4531
11.600683,55.6490
11.623038,35.0575
11.603520,56.8977
11.519296,142.1434
11.638325,23.5566
11.424143,238.2036
11.598896,63.9957
11.636741,27.8241
11.654396,11.7395
11.658096,13.0184
11.562062,109.9022
11.601166,72.8654
11.664566,11.1890
11.577156,99.7950
11.588831,88.7559
11.583398,94.8479
11.638815,41.3990
11.645079,35.5532
11.661440,23.0225
11.633432,52.3223
11.674032,12.8365
11.634210,53.0840
11.448934,239.3255
11.632887,56.2546
11.465527,227.3977
11.680633,12.6909
11.545031,149.7655
11.677587,19.3205
11.648335,48.9766
11.687294,12.3595
11.632195,68.2651
11.688260,12.6466
11.662892,39.5831
11.647804,57.8513
11.631209,75.5427
11.660419,47.0335
11.622387,85.4932
11.606483,103.5101
11.696908,13.4717
11.697312,15.2578
11.550562,163.0783
11.699654,14.9675
11.614811,100.2543
11.451953,263.6675
11.652855,65.5304
11.547277,171.5668
11.705656,14.1963
11.666136,56.9006
11.649734,73.9073
11.675756,49.5061
11.713641,12.3450
11.671965,55.8540
11.706753,22.4302
11.702476,27.3309
11.686869,46.6581
11.700461,33.5504
11.725263,10.2188
11.725986,12.0586
11.662348,76.3609
11.651921,89.5317
11.718844,23.1503
11.616463,127.3790
11.685755,60.0644
11.735482,12.2534
11.738045,12.1225
11.723037,29.0218
11.723642,30.7592
11.676952,77.8944
11.568172,187.3467
11.645951,110.2538
11.493920,263.9833
11.693324,68.0392
11.741995,19.8278
11.707881,54.8215
11.752063,12.9104
11.738709,27.3642
11.671115,96.0588
11.709994,58.2583
11.684463,87.7559
11.729807,43.0094
11.700907,73.3058
11.734012,42.2078
11.621548,155.6792
11.712570,65.3124
11.767175,11.8872
11.661882,120.6584
11.756206,26.8187
11.707453,76.4501
11.689143,98.1727
11.774213,13.5400
11.779062,12.5470
11.764974,27.0677
11.637213,156.1584
11.761364,33.6905
11.566000,230.0536
11.741454,56.3913
11.727820,70.4693
11.614256,186.7380
11.719853,82.2881
11.694797,109.2774
11.772817,33.6198
11.761823,45.3828
11.766074,42.1910
11.680215,128.7965
11.678247,133.8508
11.754847,58.0378
11.768253,47.6357
11.729183,87.1518
11.791610,26.3011
11.787754,32.3851
11.743843,76.7438
11.798289,22.7367
11.750168,73.0928
11.812885,11.5616
11.783903,42.9019
11.787316,42.6162
11.795055,35.4938
11.782541,48.9013
11.772219,60.7750
11.793372,40.2231
11.823261,12.1266
11.757904,78.5936
11.627729,209.5275
11.826806,12.5721
11.710381,129.5788
11.812098,31.1632
11.830549,14.1266
11.754402,90.9234
11.777883,70.3389
11.804075,45.7541
11.824447,25.8309
11.718386,133.1412
11.817911,34.2221
11.783025,69.6179
11.839960,13.1442
11.613364,241.8739
11.843262,13.6545
11.807207,53.4888
11.848222,13.8290
11.816336,46.6476
11.715065,148.3840
11.806438,58.8029
11.831443,34.2684
11.820587,47.7079
11.792042,77.5923
11.855238,14.8318
11.860696,11.1552
11.747736,125.0072
11.862052,12.8766
11.762703,113.1043
11.821026,57.1353
11.692925,185.6808
11.755519,124.3609
11.836498,43.7993
11.868295,12.9005
11.844676,38.9489
11.829933,54.8507
11.871852,13.4713
11.852643,33.7198
11.875808,12.9240
11.629626,259.5766
11.745820,144.9229
11.845326,46.1225
11.820139,73.7326
11.733528,162.2106
11.625754,272.1665
11.796055,102.9893
11.777228,123.2861
11.889203,13.1486
11.815889,88.3323
11.715621,189.0507
11.851528,54.5099
11.897921,11.4688
11.839378,72.0278
11.902352,10.5937
11.809012,106.8505
11.833596,83.9501
11.883626,34.4016
11.835389,83.1578
11.885324,33.8411
11.802142,118.9823
11.891449,31.7953
11.911407,13.4214
11.865712,60.3928
11.879880,49.2937
11.888732,40.8340
11.878606,51.3548
11.865241,65.1707
11.899044,32.3140
11.886364,47.8465
11.895739,39.3605
11.921124,15.1272
11.776220,162.7738
11.874929,64.4798
11.869635,72.5735
11.929175,13.4660
11.870071,73.4500
11.929567,14.7678
11.919165,26.4002
11.863450,83.5066
11.934210,14.3054
11.904222,45.5888
11.808265,142.4805
11.930412,22.5928
11.918547,35.9384
11.849830,106.6014
11.862984,95.3119
11.915863,44.4656
11.900515,60.5282
11.714622,246.8608
11.917546,44.5470
11.942209,22.6639
11.872743,92.9445
11.890743,75.4362
11.954486,14.9654
11.960329,10.9392
11.647110,325.1439
11.950746,23.9942
11.884784,90.4347
11.938995,36.6738
11.909390,66.7293
11.918028,61.4757
11.923245,58.2952
11.971269,11.9845
11.949811,36.1750
11.974741,11.6814
11.837257,150.6649
11.936252,52.5853
11.881196,108.3142
11.853105,138.7224
11.904672,89.4945
11.964873,31.1700
11.929961,67.6625
11.944335,53.7680
11.976120,22.7117
11.946957,52.9355
11.972254,31.9642
11.924829,79.8684
11.852134,153.0151
11.962094,45.7164
11.979504,29.6386
11.996044,14.0257
11.999893,12.5269
11.943521,71.5686
11.998104,17.5295
12.004219,12.4519
11.969452,48.7456
11.987923,31.9742
11.893873,128.2281
11.880298,143.4893
11.975669,48.6794
11.926105,99.1001
11.931359,94.5989
11.797846,229.7832
11.961044,69.8970
12.019897,11.4772
12.004698,30.0995
11.975219,60.0338
11.942641,94.3881
11.991827,46.3105
12.027629,11.7985
11.985987,55.4994
11.856917,188.3683
11.966180,79.9024
11.994167,53.0514
12.009143,38.5369
11.948516,103.0688
12.023788,27.9688
12.041487,11.4469
11.983254,70.4744
12.015090,39.6877
12.024349,33.8832
12.025959,32.6383
11.800995,259.6028
11.953006,107.9428
11.989511,72.8126
11.939409,124.1823
11.945566,120.8714
12.015634,51.8098
11.878162,190.6639
12.034798,34.6107
12.005150,64.4121
11.906038,164.9925
12.030941,40.2430
12.007811,63.7772
12.035253,38.4551
12.039429,35.4294
11.958296,117.5855
12.010070,66.2912
11.656333,420.4551
11.981540,96.6901
12.046083,33.8690
12.016671,65.0673
11.850278,231.6188
12.031375,52.0170
11.965689,118.4797
11.935100,149.3994
11.988838,97.5568
11.956432,131.2864
11.832995,255.3887
11.997624,91.2784
11.986423,103.6455
12.022101,69.2240
12.047219,45.1588
12.038139,54.4417
11.961483,132.7633
12.025206,70.0008
12.045286,51.3871
12.018198,79.2582
12.037030,61.3575
12.047680,51.4101
12.012421,87.5043
11.912946,187.4865
11.998832,102.0341
